epoch_frac,step,train_loss,val_loss,train_reward_margin,val_reward_margin,train_reward_accuracy,val_reward_accuracy,policy_chosen_logprobs,policy_rejected_logprobs,reference_chosen_logprobs,reference_rejected_logprobs
0.02,0,0.6931471824645996,0.6931471824645996,0.0,0.0,0.0,0.0,-183.06600952148438,-142.31813049316406,-183.06600952148438,-142.31813049316406
0.1197,5,2.1392042299339662e-06,6.449297700328316e-07,15.970668697357178,16.480213832855224,1.0,1.0,-132.2571258544922,-106.9880599975586,-154.40591430664062,-93.31436157226562
0.2195,10,1.7363729612127066e-09,7.551484958179255e-11,26.381597137451173,26.879032897949216,1.0,1.0,-70.25802612304688,-106.46928405761719,-117.21282958984375,-66.94210815429688
0.3192,15,1.157671431113727e-09,1.3255064624032032e-11,28.38673553466797,28.965222167968747,1.0,1.0,-136.51478576660156,-196.16156005859375,-184.96438598632812,-146.6157989501953
0.419,20,1.4569827063576347e-10,8.15489507519085e-12,28.036796188354494,29.488485717773436,1.0,1.0,-161.31570434570312,-187.75169372558594,-204.85614013671875,-152.346435546875
0.5187,25,1.426324353764885e-11,6.915827155742904e-12,29.615413665771484,29.669337463378906,1.0,1.0,-121.93444061279297,-135.754150390625,-175.96795654296875,-91.8262939453125
0.6185,30,1.1690784666729126e-09,6.676474087127793e-12,29.015748596191408,29.754343223571777,1.0,1.0,-87.3212890625,-128.0845184326172,-134.89761352539062,-82.97470092773438
0.7182,35,3.286766789723644e-11,6.676524350740509e-12,29.5674072265625,29.71348476409912,1.0,1.0,-98.28871154785156,-155.45907592773438,-145.29620361328125,-105.60606384277344
0.818,40,1.1123615146395663e-10,6.645067222171841e-12,30.025568771362305,29.74019775390625,1.0,1.0,-106.51040649414062,-111.46827697753906,-149.08279418945312,-73.57048797607422
0.9177,45,2.9982817617568716e-11,6.710314118599237e-12,29.253568267822267,29.70927562713623,1.0,1.0,-84.54737854003906,-143.75416564941406,-127.83999633789062,-93.90449523925781
1.0,50,2.1692886798940075e-09,6.3177347251267e-12,29.289428329467775,29.817107391357425,1.0,1.0,-80.44660949707031,-112.647705078125,-132.3841094970703,-67.05714416503906
