model,chosen_ppl,rejected_ppl,self_ppl
reference,7.661438949037306,10.892649289404991,9.527931520254304
policy,5.90563978771172,9.891460303032753,8.988247911528786
