model,chosen_ppl,rejected_ppl,self_ppl
reference,7.659290041586365,7.824248134487807,10.142660428779294
policy,7.222744915220472,8.315055595503914,10.883463698204118
