model,chosen_ppl,rejected_ppl,self_ppl
reference,7.659290041586365,7.824248134487807,10.142660428779294
policy,6.7454472021623095,9.858200155123315,15.240462876329518
