model,chosen_ppl,rejected_ppl,self_ppl
reference,10.822974370450389,10.234793886846425,21.351459869316646
policy,10.898638044084821,10.60724501707116,21.447225906410996
