model,chosen_ppl,rejected_ppl,self_ppl
reference,7.824248134487807,10.546890804261873,10.142660428779294
policy,6.361966753246809,8.86237886698559,9.071614093250698
