model,chosen_ppl,rejected_ppl,self_ppl
reference,7.659290041586365,7.824248134487807,10.142660428779294
policy,7.275960192535862,11.140326587840764,11.934531252793592
