model,chosen_ppl,rejected_ppl,self_ppl
reference,7.659290041586365,7.824248134487807,10.142660428779294
policy,7.5653403407395485,8.067554770093976,12.182538537063984
