epoch_frac,step,train_loss,val_loss,train_reward_margin,val_reward_margin,train_reward_accuracy,val_reward_accuracy,policy_chosen_logprobs,policy_rejected_logprobs,reference_chosen_logprobs,reference_rejected_logprobs
0.02,0,0.6931471824645996,0.6931471824645996,0.0,0.0,0.0,0.0,-183.06600952148438,-142.31813049316406,-183.06600952148438,-142.31813049316406
0.1197,5,3.945327318888303e-06,1.296847119647282e-06,13.564333438873291,14.137810993194579,1.0,1.0,-132.30490112304688,-100.65144348144531,-154.40591430664062,-93.31436157226562
0.2195,10,1.5564136692999831e-09,8.991584213302595e-11,23.359658813476564,23.674191856384276,1.0,1.0,-71.85651397705078,-97.56594848632812,-117.21282958984375,-66.94210815429688
0.3192,15,1.0031876769827503e-09,1.064366893233082e-11,25.254121208190917,25.697638320922852,1.0,1.0,-137.3380126953125,-185.01016235351562,-184.96438598632812,-146.6157989501953
0.419,20,1.2857170016145059e-10,7.242488032910277e-12,24.9542179107666,26.15350761413574,1.0,1.0,-162.23324584960938,-179.57565307617188,-204.85614013671875,-152.346435546875
0.5187,25,1.134410555943266e-11,6.335275143029562e-12,26.259856605529784,26.282382583618165,1.0,1.0,-122.73898315429688,-125.7535400390625,-175.96795654296875,-91.8262939453125
0.6185,30,7.24151838450357e-10,6.321117761165506e-12,25.779458236694335,26.34394645690918,1.0,1.0,-88.25959777832031,-118.79501342773438,-134.89761352539062,-82.97470092773438
0.7182,35,3.421073871238967e-11,6.122004205660891e-12,26.296179580688477,26.362613105773924,1.0,1.0,-99.28498840332031,-144.2850341796875,-145.29620361328125,-105.60606384277344
0.818,40,6.142921584817788e-11,5.4910910454036845e-12,26.57328300476074,26.422713661193846,1.0,1.0,-107.99530029296875,-102.99044799804688,-149.08279418945312,-73.57048797607422
0.9177,45,2.5840312962294165e-11,6.325180353441984e-12,25.895969200134278,26.28003387451172,1.0,1.0,-86.18110656738281,-135.13177490234375,-127.83999633789062,-93.90449523925781
1.0,50,2.6333051626834664e-09,6.132859996753337e-12,25.917747497558594,26.34519271850586,1.0,1.0,-81.46499633789062,-103.32203674316406,-132.3841094970703,-67.05714416503906
