model,chosen_ppl,rejected_ppl,self_ppl
reference,7.824248134487807,10.546890804261873,10.142660428779294
policy,6.7862985290662206,9.65542475382487,7.714148818844497
