model,chosen_ppl,rejected_ppl,self_ppl
reference,7.824248134487807,10.546890804261873,10.142660428779294
policy,9.788661148813036,15.57133355526009,6.332621269755894
