epoch_frac,step,train_loss,val_loss,train_reward_margin,val_reward_margin,train_reward_accuracy,val_reward_accuracy,policy_chosen_logprobs,policy_rejected_logprobs,reference_chosen_logprobs,reference_rejected_logprobs
0.02,0,0.6931471824645996,0.6931471824645996,0.0,0.0,0.0,0.0,-183.06600952148438,-142.31813049316406,-183.06600952148438,-142.31813049316406
0.1197,5,0.10376741141080856,0.08494952470064163,2.4091851234436037,2.5870619893074034,1.0,1.0,-151.63006591796875,-94.80160522460938,-154.40591430664062,-93.31436157226562
0.2195,10,0.008572009578347205,0.0029317555483430622,6.071631002426147,6.364752864837646,1.0,1.0,-104.61749267578125,-75.05563354492188,-117.21282958984375,-66.94210815429688
0.3192,15,0.002037511338130571,0.00032011352595873177,8.52158694267273,8.859773540496827,1.0,1.0,-167.705078125,-159.51339721679688,-184.96438598632812,-146.6157989501953
0.419,20,0.00019969134955317714,6.407391374523286e-05,10.09120306968689,10.712757110595703,1.0,1.0,-190.42510986328125,-162.80892944335938,-204.85614013671875,-152.346435546875
0.5187,25,2.95775555059663e-05,3.744590248970781e-05,11.409159564971924,11.363532829284669,1.0,1.0,-154.24032592773438,-105.77763366699219,-175.96795654296875,-91.8262939453125
0.6185,30,0.0003773088281377568,3.1933212267176717e-05,11.440257453918456,11.64380054473877,1.0,1.0,-116.10997009277344,-99.69863891601562,-134.89761352539062,-82.97470092773438
0.7182,35,2.552812311478192e-05,2.780053637252422e-05,11.895621395111084,11.749770164489746,1.0,1.0,-125.58857727050781,-122.1750259399414,-145.29620361328125,-105.60606384277344
0.818,40,0.00017139606470664148,2.6540523140283768e-05,11.842580890655517,11.809159183502196,1.0,1.0,-131.79295349121094,-84.31968688964844,-149.08279418945312,-73.57048797607422
0.9177,45,3.6557407474901994e-05,2.466631904098904e-05,11.687264728546143,11.875149726867676,1.0,1.0,-111.12606811523438,-114.329345703125,-127.83999633789062,-93.90449523925781
1.0,50,0.00041396607884962576,2.509619989723433e-05,11.469053363800048,11.817175579071044,1.0,1.0,-108.54299926757812,-84.25910186767578,-132.3841094970703,-67.05714416503906
