model,chosen_ppl,rejected_ppl,self_ppl
reference,7.661438949037306,10.892649289404991,9.527931520254304
policy,6.232359579294035,10.756965318528733,4.080831073298313
