model,chosen_ppl,rejected_ppl,self_ppl
reference,7.824248134487807,10.546890804261873,10.142660428779294
policy,7.820698352775189,11.741422193218963,6.1203183670236605
