model,chosen_ppl,rejected_ppl,self_ppl
reference,7.659290041586365,7.824248134487807,10.142660428779294
policy,6.380450792986937,8.445995425937152,15.89968181740154
