model,chosen_ppl,rejected_ppl,self_ppl
reference,7.661438949037306,10.892649289404991,9.527931520254304
policy,6.803870774731777,10.324782515516375,10.370979064762002
