model,chosen_ppl,rejected_ppl,self_ppl
reference,7.824248134487807,10.546890804261873,10.142660428779294
policy,6.432338784439395,9.020592912278994,9.733087601083698
