model,chosen_ppl,rejected_ppl,self_ppl
reference,7.824248134487807,10.546890804261873,10.142660428779294
policy,7.6188608371850215,11.021182631001327,8.497719168663025
