model,chosen_ppl,rejected_ppl,self_ppl
reference,7.661438949037306,10.892649289404991,9.527931520254304
policy,7.3974466394669935,10.786578138275901,15.427462439725895
