epoch_frac,step,train_loss,val_loss,train_reward_margin,val_reward_margin,train_reward_accuracy,val_reward_accuracy,policy_chosen_logprobs,policy_rejected_logprobs,reference_chosen_logprobs,reference_rejected_logprobs
0.02,0,0.6931471824645996,0.6931471824645996,0.0,0.0,0.0,0.0,-183.06600952148438,-142.31813049316406,-183.06600952148438,-142.31813049316406
0.1197,5,0.11448239833116532,0.09262356758117676,2.3706188082695006,2.5369874954223635,1.0,1.0,-151.5571746826172,-94.702880859375,-154.40591430664062,-93.31436157226562
0.2195,10,0.01119084688834846,0.0039038190618157385,5.903416180610657,6.148586082458497,1.0,1.0,-104.12138366699219,-73.70386505126953,-117.21282958984375,-66.94210815429688
0.3192,15,0.0029324708477361126,0.00044328553485684097,8.31465458869934,8.648576593399047,1.0,1.0,-166.31149291992188,-157.43603515625,-184.96438598632812,-146.6157989501953
0.419,20,0.00023817540204618126,0.000101095276477281,10.04108018875122,10.551693773269653,1.0,1.0,-188.6656494140625,-161.6138916015625,-204.85614013671875,-152.346435546875
0.5187,25,3.5675552135217e-05,5.473935598274693e-05,11.522826004028321,11.265860080718994,1.0,1.0,-151.31219482421875,-103.49176788330078,-175.96795654296875,-91.8262939453125
0.6185,30,0.0004402848609970533,4.067797381139826e-05,11.427981615066528,11.607435035705567,1.0,1.0,-112.82001495361328,-97.49762725830078,-134.89761352539062,-82.97470092773438
0.7182,35,3.405412262509344e-05,3.571007218852174e-05,11.967321586608886,11.847754573822021,1.0,1.0,-122.5751724243164,-120.07878112792969,-145.29620361328125,-105.60606384277344
0.818,40,0.00025197288141498575,3.082088987866882e-05,11.943712520599366,11.872211074829103,1.0,1.0,-129.9771270751953,-82.88014221191406,-149.08279418945312,-73.57048797607422
0.9177,45,3.594949303078465e-05,3.0304055508167947e-05,11.857673168182373,11.91997594833374,1.0,1.0,-109.2574462890625,-112.01055908203125,-127.83999633789062,-93.90449523925781
1.0,50,0.0005552597645873903,2.8886276777484454e-05,11.582434844970702,11.931965541839599,1.0,1.0,-106.07376861572266,-82.23333740234375,-132.3841094970703,-67.05714416503906
