model,chosen_ppl,rejected_ppl,self_ppl
reference,7.661438949037306,10.892649289404991,9.527931520254304
policy,6.860755955818856,10.471713500447793,10.784727195701977
