model,chosen_ppl,rejected_ppl,self_ppl
reference,7.824248134487807,10.546890804261873,10.142660428779294
policy,8.431190788143812,12.463522412560202,8.521505011452568
