model,chosen_ppl,rejected_ppl,self_ppl
reference,7.661438949037306,10.892649289404991,9.527931520254304
policy,7.396772651389094,10.724090779181754,13.70845922739199
