model,chosen_ppl,rejected_ppl,self_ppl
reference,7.659290041586365,7.824248134487807,10.142660428779294
policy,7.067289834070688,8.043236146069537,13.538322253660722
