model,chosen_ppl,rejected_ppl,self_ppl
reference,5.224312887978968,6.478576609909439,2.127054203312238
policy,4.545651580130713,5.769269328579174,2.423019858855966
